window_days,ridge,promoted_prior,log_loss,ll_1617,ll_1718,ll_1819,ll_1920,ll_2021,ll_2122,ll_2223
365,3.0,relegated,0.9623150983240063,0.9414917042159663,0.9605726057119114,0.8908244992302717,0.9752306024185625,1.0128879390843122,0.9577356441957785,0.9974626934112405
365,3.0,average,0.9634195558008491,0.9435783961321381,0.960811235569209,0.8927339867140669,0.9779431751032343,1.0144028569548262,0.9617571703893495,0.9927100697431203
365,10.0,relegated,0.9642230598382453,0.9460845078331036,0.9606321363106471,0.9033160708387332,0.9768418501862376,1.0124680303764355,0.95946186923482,0.9907569540877397
548,3.0,relegated,0.9644580795147999,0.9522955686811893,0.9589289685448117,0.8861872031322041,0.9741189435064928,1.01618452952797,0.9605949706677477,1.0028963725431843
365,1.0,relegated,0.9646171842229548,0.943634796853829,0.9646112391425183,0.8880956997197514,0.9771069112347798,1.0146221068102723,0.9614679143541164,1.0027816214454162
548,3.0,average,0.9648974343031702,0.9540310428630278,0.9599638324464583,0.8875303707378117,0.9766368455886457,1.0160018781020828,0.961356710935372,0.9987613594487924
365,1.0,average,0.9649986959870254,0.9439370571304274,0.9644842075885411,0.8898906299495616,0.9786974351235583,1.0162930119776228,0.9624324439861087,0.9992560861533575
548,10.0,relegated,0.9650110161638171,0.9546121991485076,0.9591931907368888,0.894761975855134,0.9747942090325523,1.0148989671457065,0.9603865099343047,0.9964300612936265
730,3.0,relegated,0.9652447568431385,0.9448082075499917,0.9621544849978466,0.8908944332809008,0.974631913353311,1.0181382749861594,0.9556995216997968,1.0103864620339633
730,3.0,average,0.9654485236568874,0.9462637165116665,0.9620681034071469,0.8923346723567327,0.9768099650652413,1.0177907393815013,0.9565891838099877,1.006283285065936
730,10.0,relegated,0.9657477985469897,0.9480905428754421,0.9631861492263484,0.8974579776046268,0.9744265147378821,1.016698440936451,0.9569941950032942,1.0033807694448835
548,1.0,relegated,0.966351521061797,0.9533108640031971,0.9620894540983416,0.8846386508962149,0.975926933441434,1.0173430822044138,0.9638969777285596,1.0072546850604176
548,1.0,average,0.9664665216045533,0.9537565698787653,0.9624004594816238,0.8857581982656694,0.9773702355663321,1.0175349999260455,0.963661679412832,1.004783508700605
730,1.0,relegated,0.9665814691642735,0.9445436028736747,0.9638275558730829,0.8897685954309099,0.9762822006475106,1.0195109803562903,0.9572283542489118,1.0149089947195336
730,1.0,average,0.9666753449551497,0.9450422062849246,0.9635717575940272,0.8909638782297625,0.9776374686738126,1.0198082337598298,0.9573902050196033,1.0123136651240885
730,10.0,average,0.9672320043755033,0.9518756504271741,0.9640949477181305,0.9000378370329548,0.9785495440203154,1.0168001023467435,0.9600037985090184,0.999262150574187
548,10.0,average,0.9674058360925116,0.9596587760429309,0.9616219277439817,0.897360576376395,0.9796211833010524,1.016486234636836,0.9649259884813903,0.9921661660649943
365,10.0,average,0.967820048283284,0.9519883444086512,0.9624744153424084,0.9066257695892869,0.9820516130430501,1.0156795435310582,0.9690321411343495,0.9868885109341838
730,30.0,relegated,0.9740436492779565,0.9600004130917321,0.9728510744517214,0.9167926079938965,0.9805134642957739,1.020087653579937,0.9688930716401413,0.9991672598924933
548,30.0,relegated,0.9758142111766533,0.9674689618906331,0.971593040463135,0.9190797220851458,0.98461426012408,1.020175580474469,0.9734133135394715,0.9943545996596395
730,30.0,average,0.9784999280784945,0.9669535377841753,0.9759087930814265,0.9214767082097093,0.9880715655344903,1.0228686563016605,0.9754066052045256,0.9988136304334744
365,30.0,relegated,0.9801519708003597,0.9657157465192929,0.9762853420404511,0.9348214208620226,0.9903978696901136,1.0225229998355534,0.9782467064591363,0.9930737101959481
548,30.0,average,0.9816122016648605,0.9762109005339904,0.9758522970522381,0.9238756270859622,0.9927396098852841,1.0251673000522044,0.983178851607918,0.9942608254364266
365,30.0,average,0.9870005067413499,0.9748358543549189,0.9807962667522123,0.9402814206039208,0.9991747850844502,1.028328190492313,0.9916875249853763,0.9938995049162576
