canonical,football_data,understat,fpl
Arsenal,Arsenal,Arsenal,Arsenal
Aston Villa,Aston Villa,Aston Villa,Aston Villa
Bournemouth,Bournemouth,Bournemouth,Bournemouth
Brentford,Brentford,Brentford,Brentford
Brighton,Brighton,Brighton,Brighton
Burnley,Burnley,Burnley,
Cardiff,Cardiff,Cardiff,
Chelsea,Chelsea,Chelsea,Chelsea
Coventry,Coventry,Coventry,Coventry City
Crystal Palace,Crystal Palace,Crystal Palace,Crystal Palace
Everton,Everton,Everton,Everton
Fulham,Fulham,Fulham,Fulham
Huddersfield,Huddersfield,Huddersfield,
Hull,Hull,Hull,Hull City
Ipswich,Ipswich,Ipswich,Ipswich Town
Leeds,Leeds,Leeds,Leeds
Leicester,Leicester,Leicester,
Liverpool,Liverpool,Liverpool,Liverpool
Luton,Luton,Luton,
Manchester City,Man City,Manchester City,Man City
Manchester United,Man United,Manchester United,Man Utd
Middlesbrough,Middlesbrough,Middlesbrough,
Newcastle United,Newcastle,Newcastle United,Newcastle
Norwich,Norwich,Norwich,
Nottingham Forest,Nott'm Forest,Nottingham Forest,Nott'm Forest
Queens Park Rangers,QPR,Queens Park Rangers,
Sheffield United,Sheffield United,Sheffield United,
Southampton,Southampton,Southampton,
Stoke,Stoke,Stoke,
Sunderland,Sunderland,Sunderland,Sunderland
Swansea,Swansea,Swansea,
Tottenham,Tottenham,Tottenham,Spurs
Watford,Watford,Watford,
West Bromwich Albion,West Brom,West Bromwich Albion,
West Ham,West Ham,West Ham,
Wolverhampton Wanderers,Wolves,Wolverhampton Wanderers,
