team,rating,as_of
Manchester City,1707.0843338904447,2026-09-20
Arsenal,1694.2655729722258,2026-09-20
Liverpool,1589.2703313874092,2026-09-20
Brighton,1562.919898025586,2026-09-20
Manchester United,1561.6129570928974,2026-09-20
Brentford,1538.569134044242,2026-09-20
Bournemouth,1533.9775655350954,2026-09-20
Aston Villa,1519.0265360200342,2026-09-20
Newcastle United,1504.2350672021587,2026-09-20
Everton,1500.88483968119,2026-09-20
Chelsea,1500.120426020049,2026-09-20
Nottingham Forest,1484.890631110509,2026-09-20
Leeds,1470.1372312294288,2026-09-20
Fulham,1464.514635123647,2026-09-20
Crystal Palace,1444.320037172463,2026-09-20
Sunderland,1423.5675556857743,2026-09-20
Tottenham,1402.1364922587145,2026-09-20
Hull,1390.3620926620324,2026-09-20
Ipswich,1362.2357502977638,2026-09-20
Coventry,1345.8689125883334,2026-09-20
