k,hfa,goal_mult,pull_back,promoted_offset,log_loss
20,0,sqrt,0.1,0,0.9657193056846036
20,0,sqrt,0.0,0,0.9658422497939608
15,0,sqrt,0.2,0,0.9658570079268535
20,50,sqrt,0.1,0,0.9658895244134665
20,0,index,0.1,0,0.9659272809578512
15,0,sqrt,0.1,0,0.9659681337245353
20,75,sqrt,0.1,0,0.9659866367946547
20,0,index,0.0,0,0.9660045631199132
25,0,sqrt,0.0,0,0.9660126907903848
15,50,sqrt,0.2,0,0.966023144578593
20,50,sqrt,0.0,0,0.9660353441012953
20,0,sqrt,0.2,0,0.9660507421690983
20,50,index,0.1,0,0.9660615710975046
15,0,index,0.2,0,0.9660705472715823
20,100,sqrt,0.1,0,0.9660920485706407
15,0,index,0.1,0,0.9661329440427705
15,75,sqrt,0.2,0,0.9661366757126015
20,75,index,0.1,0,0.9661390556415395
15,50,sqrt,0.1,0,0.9661550017089848
20,75,sqrt,0.0,0,0.9661605736293437
20,50,index,0.0,0,0.966164954894029
25,50,sqrt,0.0,0,0.9661843644600702
15,50,index,0.2,0,0.9661993797412628
20,50,sqrt,0.2,0,0.9662053428552562
25,0,sqrt,0.1,0,0.9662128691544026
25,0,index,0.0,0,0.9662210268833158
20,100,index,0.1,0,0.9662244192318493
25,75,sqrt,0.0,0,0.9662642052707704
15,100,sqrt,0.2,0,0.9662693999994407
20,75,index,0.0,0,0.9662720169406068
20,75,sqrt,0.2,0,0.9662828748781639
15,50,index,0.1,0,0.9662849687022804
15,75,index,0.2,0,0.9662930504260347
15,75,sqrt,0.1,0,0.9662978798844332
20,0,index,0.2,0,0.9663008852743065
20,100,sqrt,0.0,0,0.9663050239537458
25,100,sqrt,0.0,0,0.966342042453864
25,50,index,0.0,0,0.9663577695396952
20,100,sqrt,0.2,0,0.9663607239843571
25,50,sqrt,0.1,0,0.9663660526240502
20,100,index,0.0,0,0.9663977797853446
15,100,index,0.2,0,0.9664058441849116
15,75,index,0.1,0,0.9664091316563959
20,50,index,0.2,0,0.9664170449109999
25,75,index,0.0,0,0.9664180459567799
25,75,sqrt,0.1,0,0.9664260356821223
25,0,index,0.1,0,0.9664600909479378
15,100,sqrt,0.1,0,0.9664724931253114
20,75,index,0.2,0,0.9664737802335703
25,100,index,0.0,0,0.9664756768420184
25,100,sqrt,0.1,0,0.9664766664120547
20,100,index,0.2,0,0.9665304940560986
15,100,index,0.1,0,0.9665647095485982
15,0,sqrt,0.33,0,0.9665686268258731
25,50,index,0.1,0,0.9665754120451336
25,75,index,0.1,0,0.9666145006960478
25,100,index,0.1,0,0.9666437662410459
10,0,sqrt,0.33,0,0.9666865802415124
15,0,sqrt,0.0,0,0.9667026666867389
30,0,sqrt,0.0,0,0.9667049309341679
15,50,sqrt,0.33,0,0.9667191359744071
25,0,sqrt,0.2,0,0.9667840912229653
15,75,sqrt,0.33,0,0.9668076733250008
15,0,index,0.0,0,0.9668128866415203
10,0,sqrt,0.2,0,0.9668181939152592
10,50,sqrt,0.33,0,0.9668387233592759
15,0,index,0.33,0,0.9668422558385166
30,50,sqrt,0.0,0,0.9668559498277622
30,75,sqrt,0.0,0,0.9668973385792188
15,100,sqrt,0.33,0,0.9669037686600671
30,100,sqrt,0.0,0,0.9669204966874149
15,50,sqrt,0.0,0,0.9669211407176614
25,50,sqrt,0.2,0,0.9669241001014584
10,0,index,0.33,0,0.9669294669784146
15,50,index,0.33,0,0.9669530941477982
30,0,index,0.0,0,0.9669538802619698
10,75,sqrt,0.33,0,0.966955767186961
25,75,sqrt,0.2,0,0.9669691966512185
10,0,index,0.2,0,0.9669928068235141
10,50,sqrt,0.2,0,0.9669946939906829
25,100,sqrt,0.2,0,0.9669993715501746
15,50,index,0.0,0,0.9669997414015667
15,75,index,0.33,0,0.9670206593390998
10,50,index,0.33,0,0.9670422521917269
30,50,index,0.0,0,0.9670674327029638
25,0,index,0.2,0,0.9670682265116212
30,75,index,0.0,0,0.9670878011517856
30,100,index,0.0,0,0.967089391988115
30,0,sqrt,0.1,0,0.9670931984661516
15,100,index,0.33,0,0.9670956081926009
10,100,sqrt,0.33,0,0.9670977843320967
15,75,sqrt,0.0,0,0.9671052612854195
10,50,index,0.2,0,0.9671315544191867
10,75,index,0.33,0,0.9671388999144784
10,75,sqrt,0.2,0,0.9671520262941126
15,75,index,0.0,0,0.9671665987062193
25,50,index,0.2,0,0.9671680266834456
20,0,sqrt,0.33,0,0.9671689177650524
25,75,index,0.2,0,0.9671911613072799
25,100,index,0.2,0,0.9671989515080526
30,50,sqrt,0.1,0,0.9672273989441255
30,75,sqrt,0.1,0,0.9672540546713531
30,100,sqrt,0.1,0,0.9672566830641072
10,100,index,0.33,0,0.9672604652301406
10,75,index,0.2,0,0.9672692749941361
20,50,sqrt,0.33,0,0.9673117898936656
15,100,sqrt,0.0,0,0.9673385294813973
10,100,sqrt,0.2,0,0.9673531581355268
20,75,sqrt,0.33,0,0.9673727046722647
30,0,index,0.1,0,0.9673758504076708
15,100,index,0.0,0,0.9673821436589558
20,100,sqrt,0.33,0,0.9674264759925514
10,100,index,0.2,0,0.967450705895318
30,100,index,0.1,0,0.9674543938497968
30,50,index,0.1,0,0.9674700199195855
20,0,index,0.33,0,0.967472069458534
30,75,index,0.1,0,0.9674744864488104
20,50,index,0.33,0,0.9675739302834683
20,75,index,0.33,0,0.9676128641738537
25,0,sqrt,0.0,50,0.967619070992327
20,100,index,0.33,0,0.9676443865445771
25,0,sqrt,0.1,50,0.9676985573218443
20,0,none,0.1,0,0.9677097705504304
20,50,none,0.1,0,0.9677285609394403
20,75,none,0.1,0,0.9677543937850255
20,100,none,0.1,0,0.9677979661728257
25,0,index,0.0,50,0.9678006718704333
30,0,sqrt,0.2,0,0.9678028652199737
20,0,sqrt,0.1,50,0.9678096796221298
25,50,sqrt,0.0,50,0.9678294941910252
25,75,none,0.0,0,0.9678369308476912
25,0,none,0.0,0,0.967837230281065
25,50,none,0.0,0,0.9678383391740727
25,100,none,0.0,0,0.9678432631750867
10,0,sqrt,0.1,0,0.9678514395318819
25,50,sqrt,0.1,50,0.9678929225700582
30,0,sqrt,0.0,50,0.9679017985755577
20,0,none,0.0,0,0.9679072369183941
25,100,none,0.1,0,0.9679075476745367
25,0,index,0.1,50,0.9679159809949046
30,50,sqrt,0.2,0,0.967924961183831
30,100,sqrt,0.2,0,0.9679276117302974
25,75,sqrt,0.0,50,0.9679283735588151
30,75,sqrt,0.2,0,0.9679401294924053
25,75,none,0.1,0,0.9679470503024324
10,0,index,0.1,0,0.9679692525470699
20,50,none,0.0,0,0.9679725762267234
25,50,index,0.0,50,0.9679736266701632
25,75,sqrt,0.1,50,0.9679748375947891
25,50,none,0.1,0,0.9679834956868688
20,100,none,0.2,0,0.9679849554146231
20,0,sqrt,0.2,50,0.9679879199916371
20,75,none,0.2,0,0.9679903613839207
20,0,index,0.1,50,0.9679906325773304
20,50,none,0.2,0,0.9680014665349905
20,0,sqrt,0.0,50,0.9680162058098664
20,50,sqrt,0.1,50,0.9680199524657306
25,0,none,0.1,0,0.9680203259269017
20,0,none,0.2,0,0.9680208949231345
25,100,sqrt,0.0,50,0.9680231146207992
15,0,none,0.2,0,0.9680259866171687
20,75,none,0.0,0,0.9680454981433863
25,100,sqrt,0.1,50,0.9680472338838606
25,75,index,0.0,50,0.9680525778974689
15,50,none,0.2,0,0.9680603012801595
10,50,sqrt,0.1,0,0.968060550325214
25,50,index,0.1,50,0.9680706272356652
25,0,sqrt,0.2,50,0.9680869680270243
30,50,sqrt,0.0,50,0.9680916183943951
15,75,none,0.2,0,0.9681105086722568
25,0,sqrt,0.33,0,0.968117805304294
30,0,index,0.2,0,0.9681182097548727
30,0,index,0.0,50,0.9681218456416982
25,100,index,0.0,50,0.9681276688185781
25,75,index,0.1,50,0.9681313940933801
20,75,sqrt,0.1,50,0.9681337579187798
10,50,index,0.1,0,0.9681424812780255
20,100,none,0.0,0,0.9681519672564872
30,0,sqrt,0.1,50,0.9681536074746258
30,100,index,0.2,0,0.9681540608301661
20,0,index,0.0,50,0.96815489132297
30,75,sqrt,0.0,50,0.968155761896606
20,50,index,0.1,50,0.9681625694338549
30,100,none,0.0,0,0.9681749709785721
25,100,index,0.1,50,0.9681826013454332
20,50,sqrt,0.2,50,0.9681863023371095
15,100,none,0.2,0,0.9681872028894556
30,75,index,0.2,0,0.9681901900181422
30,50,index,0.2,0,0.9681981678955583
30,100,sqrt,0.0,50,0.9682014678916017
20,0,index,0.2,50,0.9682079661201308
15,0,none,0.1,0,0.9682336537760362
20,50,sqrt,0.0,50,0.9682451028375234
25,50,sqrt,0.33,0,0.9682479976961414
30,75,none,0.0,0,0.9682500453774462
20,100,sqrt,0.1,50,0.9682526476072216
20,75,index,0.1,50,0.9682563042612002
10,75,sqrt,0.1,0,0.9682648423387973
25,50,sqrt,0.2,50,0.9682698008621863
30,50,index,0.0,50,0.9682729418983687
25,75,sqrt,0.33,0,0.9682817419796076
20,75,sqrt,0.2,50,0.9682844959373837
25,100,sqrt,0.33,0,0.9682957742565009
30,50,none,0.0,0,0.9683131985261457
30,75,index,0.0,50,0.9683156214277616
15,50,none,0.1,0,0.9683157839652199
10,75,index,0.1,0,0.9683280552568289
30,50,sqrt,0.1,50,0.9683284495302108
25,0,index,0.2,50,0.9683392644603556
30,100,index,0.0,50,0.9683399627561963
25,75,sqrt,0.2,50,0.968340241050482
20,50,index,0.0,50,0.9683482823094809
20,100,index,0.1,50,0.9683552298044824
20,50,index,0.2,50,0.9683655858504173
30,0,none,0.0,0,0.9683682919371275
30,75,sqrt,0.1,50,0.9683800441996495
20,100,sqrt,0.2,50,0.9683819033744285
20,75,sqrt,0.0,50,0.9683825593065861
25,100,sqrt,0.2,50,0.9683973083186537
25,100,none,0.2,0,0.9683998071550098
30,0,index,0.1,50,0.9684057939915222
30,100,sqrt,0.1,50,0.9684083950821479
15,75,none,0.1,0,0.968416657842159
20,75,index,0.2,50,0.9684426202369166
25,0,index,0.33,0,0.968448936796223
20,75,index,0.0,50,0.9684672388930755
25,75,none,0.2,0,0.9684758730422014
30,100,none,0.1,0,0.968479962771018
25,50,index,0.2,50,0.9684801835851593
20,100,index,0.2,50,0.9685190619871447
25,75,index,0.2,50,0.9685284731073253
10,100,sqrt,0.1,0,0.968532935500304
20,100,sqrt,0.0,50,0.9685348099581925
25,50,index,0.33,0,0.9685363951985815
25,100,index,0.33,0,0.9685376099303307
30,50,index,0.1,50,0.9685391653674568
25,50,none,0.2,0,0.9685404228970251
25,75,index,0.33,0,0.968547029281126
15,100,none,0.1,0,0.9685616655817803
25,100,index,0.2,50,0.9685634136942646
30,75,index,0.1,50,0.9685683019818261
30,100,index,0.1,50,0.9685743524324922
10,100,index,0.1,0,0.9685772767459709
30,75,none,0.1,0,0.9685899374245075
20,100,index,0.0,50,0.9686007172176577
25,0,none,0.2,0,0.9686092227172709
30,0,sqrt,0.2,50,0.9686760176518627
30,50,none,0.1,0,0.9686798641934455
15,50,none,0.33,0,0.968700999909437
15,75,none,0.33,0,0.9687017497561258
15,100,none,0.33,0,0.968712169182654
15,0,none,0.33,0,0.968716355738686
30,0,none,0.1,0,0.9687669427940843
20,0,sqrt,0.33,50,0.9687729343021398
15,0,sqrt,0.2,50,0.968790396381036
30,50,sqrt,0.2,50,0.9688390249562352
30,75,sqrt,0.2,50,0.9688805595615357
30,100,sqrt,0.2,50,0.9688975678005777
30,0,index,0.2,50,0.9689596071385098
20,50,sqrt,0.33,50,0.9689629371679441
15,0,sqrt,0.1,50,0.9689719494286589
15,0,index,0.2,50,0.9689791110854018
10,0,none,0.33,0,0.968990069933841
15,50,sqrt,0.2,50,0.9689986067904065
10,50,none,0.33,0,0.9690196114021005
20,100,none,0.33,0,0.9690222113582666
20,0,index,0.33,50,0.9690423300239217
20,75,sqrt,0.33,50,0.9690505605790816
10,75,none,0.33,0,0.9690709429977682
20,75,none,0.33,0,0.9690759069015129
25,0,sqrt,0.33,50,0.9690782324242975
30,50,index,0.2,50,0.9690792753803054
30,100,index,0.2,50,0.9690913118739017
30,75,index,0.2,50,0.9690976124712424
15,0,index,0.1,50,0.9691159629085745
20,50,none,0.33,0,0.9691237933946937
15,75,sqrt,0.2,50,0.9691239573005416
20,100,sqrt,0.33,50,0.9691321816192566
15,50,index,0.2,50,0.9691469829593294
10,100,none,0.33,0,0.9691488197756145
30,100,none,0.2,0,0.9691496678481717
15,0,none,0.0,0,0.9691499641461322
20,0,none,0.33,0,0.9691840111272347
20,50,index,0.33,50,0.9691891757553535
15,50,sqrt,0.1,50,0.9691938789402879
15,0,sqrt,0.33,50,0.969246387802221
25,50,sqrt,0.33,50,0.9692517605225685
15,75,index,0.2,50,0.9692518839748949
30,0,sqrt,0.33,0,0.9692539531340582
20,75,index,0.33,50,0.9692545535199958
15,100,sqrt,0.2,50,0.9692616415216405
10,0,none,0.2,0,0.9692626427741065
30,75,none,0.2,0,0.9692879511088508
15,50,none,0.0,0,0.9692919896050933
15,50,index,0.1,50,0.9693000537042963
25,75,sqrt,0.33,50,0.9693138714403142
20,100,index,0.33,50,0.9693141820729833
15,75,sqrt,0.1,50,0.9693417377548531
30,100,sqrt,0.33,0,0.9693501412788952
10,50,none,0.2,0,0.9693552142581797
25,100,sqrt,0.33,50,0.9693590907725863
30,50,sqrt,0.33,0,0.9693675487182954
15,100,index,0.2,50,0.9693695007560009
30,75,sqrt,0.33,0,0.9693745937809278
25,0,index,0.33,50,0.9693755468535509
30,50,none,0.2,0,0.9694000915204757
15,75,index,0.1,50,0.9694285441932361
15,50,sqrt,0.33,50,0.9694470498089286
15,75,none,0.0,0,0.9694583467607931
10,75,none,0.2,0,0.9694753338455138
15,0,index,0.33,50,0.9694895448953055
25,50,index,0.33,50,0.9695050182100927
15,100,sqrt,0.1,50,0.9695124172032644
30,0,none,0.2,0,0.9695148063791068
25,75,index,0.33,50,0.9695436184252408
15,75,sqrt,0.33,50,0.9695568939456938
25,100,index,0.33,50,0.9695659476405138
15,100,index,0.1,50,0.9695801118717259
30,0,index,0.33,0,0.9696111508315931
30,100,index,0.33,0,0.9696142057512172
10,100,none,0.2,0,0.9696461941513029
15,50,index,0.33,50,0.9696476918582843
30,75,index,0.33,0,0.9696628979593616
15,100,sqrt,0.33,50,0.9696705994137287
30,50,index,0.33,0,0.9696802398767324
15,100,none,0.0,0,0.9696918738452764
15,0,sqrt,0.0,50,0.969703748354319
25,100,none,0.33,0,0.9697152447585572
15,75,index,0.33,50,0.9697357400606299
15,0,index,0.0,50,0.969796791115648
30,0,sqrt,0.33,50,0.9697984073085444
25,75,none,0.33,0,0.9698274617529524
15,100,index,0.33,50,0.9698284628732656
30,0,sqrt,0.0,100,0.9698698426862574
10,0,sqrt,0.0,0,0.9698713386803698
25,50,none,0.33,0,0.9699201481165386
10,0,index,0.0,0,0.9699233149822131
15,50,sqrt,0.0,50,0.9699500991437855
30,50,sqrt,0.33,50,0.9699516016337321
30,100,none,0.0,50,0.969960850559645
30,75,sqrt,0.33,50,0.9699864676874477
30,100,sqrt,0.33,50,0.9699952334786691
15,50,index,0.0,50,0.9700085552999413
30,75,none,0.0,50,0.970019672574941
25,0,none,0.33,0,0.9700233907594897
30,0,index,0.0,100,0.9700546836160859
30,50,none,0.0,50,0.9700677288083016
30,0,sqrt,0.1,100,0.970075154913699
30,50,sqrt,0.0,100,0.9700875134029023
30,0,none,0.0,50,0.9701014974642086
25,0,none,0.0,50,0.9701141208812359
30,0,index,0.33,50,0.9701232040212502
25,50,none,0.0,50,0.9701285028606007
10,50,sqrt,0.0,0,0.9701293744375135
25,0,sqrt,0.0,100,0.9701295758586879
25,100,none,0.1,50,0.9701308096382082
25,75,none,0.0,50,0.9701330008359931
15,75,sqrt,0.0,50,0.970133612763403
30,100,none,0.1,50,0.9701441118334035
25,100,none,0.0,50,0.9701441205890465
10,50,index,0.0,0,0.9701480569609245
30,75,sqrt,0.0,100,0.970157077737916
25,75,none,0.1,50,0.9701574895747619
15,75,index,0.0,50,0.9701744642025392
25,50,none,0.1,50,0.9701814235731138
25,0,none,0.1,50,0.9701978871056215
30,100,sqrt,0.0,100,0.9702029909263725
25,0,sqrt,0.1,100,0.9702070915299739
30,100,index,0.33,50,0.9702262986739273
30,75,none,0.1,50,0.9702308427104613
30,50,index,0.33,50,0.9702310185641516
30,50,index,0.0,100,0.9702320864753036
30,75,index,0.33,50,0.9702417504732442
25,0,index,0.0,100,0.9702762948540423
30,50,sqrt,0.1,100,0.9702796760331556
30,75,index,0.0,100,0.9702804946801685
30,0,index,0.1,100,0.9702892352389544
30,50,none,0.1,50,0.9703005501048063
30,100,index,0.0,100,0.9703054861393159
30,75,sqrt,0.1,100,0.970338583278212
15,100,sqrt,0.0,50,0.9703560595009857
30,0,none,0.1,50,0.9703612510220336
25,50,sqrt,0.0,100,0.9703628780404682
30,100,sqrt,0.1,100,0.97037065137988
15,100,index,0.0,50,0.9703787221657583
25,0,index,0.1,100,0.9703866792195213
10,75,sqrt,0.0,0,0.9703989986259419
10,75,index,0.0,0,0.9704001675655237
25,50,sqrt,0.1,100,0.9704280561663513
30,50,index,0.1,100,0.9704512205504098
25,75,sqrt,0.0,100,0.9704597467489008
25,100,none,0.2,50,0.970466121957348
25,50,index,0.0,100,0.9704712625186926
30,75,index,0.1,100,0.9704882152736489
30,100,index,0.1,100,0.9704982925980213
30,0,sqrt,0.2,100,0.9705069707105405
25,75,sqrt,0.1,100,0.9705103690236013
25,75,none,0.2,50,0.9705192610741205
10,0,none,0.1,0,0.9705336458926881
25,100,sqrt,0.0,100,0.9705444158503361
25,0,sqrt,0.2,100,0.9705450200811142
25,75,index,0.0,100,0.9705480413195876
25,50,none,0.2,50,0.9705636316603088
25,50,index,0.1,100,0.9705665351537921
25,100,sqrt,0.1,100,0.9705763173925298
25,0,none,0.2,50,0.9706045504417717
25,100,index,0.0,100,0.9706131173294679
30,100,none,0.33,0,0.9706230583292539
30,100,none,0.2,50,0.9706230987922232
25,75,index,0.1,100,0.9706277441393324
25,100,index,0.1,100,0.9706729750032667
10,50,none,0.1,0,0.9706886788668391
30,50,sqrt,0.2,100,0.9707018396339279
20,0,none,0.1,50,0.970705658780413
30,75,none,0.2,50,0.9707305190134519
20,50,none,0.1,50,0.9707336423872037
10,100,index,0.0,0,0.9707417792012367
30,0,index,0.2,100,0.9707502139955371
30,75,sqrt,0.2,100,0.9707539665509513
25,0,index,0.2,100,0.970756254510949
25,50,sqrt,0.2,100,0.9707574779767326
10,100,sqrt,0.0,0,0.9707583885073836
20,75,none,0.1,50,0.9707595499961956
30,100,sqrt,0.2,100,0.9707783719439517
30,75,none,0.33,0,0.9707887514151787
20,100,none,0.1,50,0.9707992962722587
30,50,none,0.2,50,0.9708166893614069
25,75,sqrt,0.2,100,0.9708327758139189
10,75,none,0.1,0,0.9708797980004874
25,100,sqrt,0.2,100,0.9708879785554675
30,0,none,0.2,50,0.9708986039397656
30,50,index,0.2,100,0.9709007786246276
20,75,none,0.2,50,0.9709035176141594
20,50,none,0.2,50,0.9709050641029038
20,0,none,0.2,50,0.9709055741658983
20,100,none,0.2,50,0.9709063686648581
20,0,none,0.0,50,0.9709225428697
30,50,none,0.33,0,0.9709227156798755
25,50,index,0.2,100,0.9709255054574397
30,75,index,0.2,100,0.9709299927860269
30,100,index,0.2,100,0.9709317084668301
25,75,index,0.2,100,0.9709787960276336
20,50,none,0.0,50,0.9709881082027643
25,100,index,0.2,100,0.9710123724395229
20,75,none,0.0,50,0.9710531753908452
30,0,none,0.33,0,0.9710670354962866
20,0,sqrt,0.1,100,0.9711281289712268
20,100,none,0.0,50,0.9711455274670298
10,100,none,0.1,0,0.9711474369141132
20,0,sqrt,0.0,100,0.9712583787296818
20,0,index,0.1,100,0.9712727037141871
20,0,sqrt,0.2,100,0.9713346002662897
20,50,sqrt,0.1,100,0.9713577063006166
20,0,index,0.0,100,0.971364839592908
25,0,sqrt,0.33,100,0.9713861158491953
25,100,none,0.33,50,0.971425700185654
10,0,sqrt,0.33,50,0.9714273953371755
30,0,sqrt,0.33,100,0.9714387692118457
20,75,sqrt,0.1,100,0.9714615544344329
20,50,index,0.1,100,0.971462415479705
20,50,sqrt,0.0,100,0.9715012047590007
25,75,none,0.33,50,0.9715021797868091
20,0,index,0.2,100,0.9715141926557093
10,0,sqrt,0.2,50,0.9715233129603418
20,75,index,0.1,100,0.9715460556870512
20,50,sqrt,0.2,100,0.9715575874066075
20,100,sqrt,0.1,100,0.9715583674945117
25,50,none,0.33,50,0.9715649826482076
20,50,index,0.0,100,0.9715707048089183
25,50,sqrt,0.33,100,0.9715930821176013
20,100,index,0.1,100,0.9716233891788809
20,75,sqrt,0.0,100,0.9716248449035932
30,50,sqrt,0.33,100,0.9716254916262363
25,0,none,0.33,50,0.971630289966509
10,50,sqrt,0.33,50,0.9716309714321281
25,0,index,0.33,100,0.9716386068441687
10,0,index,0.33,50,0.9716507297841005
20,75,sqrt,0.2,100,0.9716511094003294
20,100,none,0.33,50,0.9716601507125018
25,75,sqrt,0.33,100,0.9716646960038643
30,75,sqrt,0.33,100,0.9716741238120667
20,75,index,0.0,100,0.9716754991445161
10,0,index,0.2,50,0.9716859243595368
20,75,none,0.33,50,0.9716884531416504
30,100,sqrt,0.33,100,0.9716944703208487
20,50,index,0.2,100,0.9716948180796199
20,50,none,0.33,50,0.9717137649389916
25,100,sqrt,0.33,100,0.9717152724487509
30,0,index,0.33,100,0.9717208954563153
30,100,none,0.33,50,0.9717222010308353
20,100,sqrt,0.2,100,0.9717321555158458
10,50,sqrt,0.2,50,0.9717346357165874
20,0,none,0.33,50,0.9717414635875722
20,100,sqrt,0.0,100,0.9717499325778971
10,75,sqrt,0.33,50,0.9717556108491832
20,75,index,0.2,100,0.9717672568301471
20,100,index,0.0,100,0.9717821605514193
25,50,index,0.33,100,0.9718003320450809
10,50,index,0.33,50,0.9718107395454598
20,100,index,0.2,100,0.971827967110662
30,75,none,0.33,50,0.9718475468777643
25,75,index,0.33,100,0.9718490204000864
10,50,index,0.2,50,0.9718558174409865
30,50,index,0.33,100,0.9718615383833262
25,100,index,0.33,100,0.9718772377923554
30,100,index,0.33,100,0.9718832397541084
10,75,sqrt,0.2,50,0.9718845353135215
30,75,index,0.33,100,0.9718863630965322
10,100,sqrt,0.33,50,0.9718929369316115
10,75,index,0.33,50,0.9719140537030501
30,50,none,0.33,50,0.9719484639465862
10,75,index,0.2,50,0.9719852971821907
10,100,index,0.33,50,0.9720307982202095
30,0,none,0.33,50,0.9720525655784826
10,100,sqrt,0.2,50,0.9720616607457732
20,0,sqrt,0.33,100,0.9720646147781259
10,100,index,0.2,50,0.9721426267860005
20,50,sqrt,0.33,100,0.9722858736643564
20,0,index,0.33,100,0.972288117887451
15,0,none,0.2,50,0.9722895837299083
15,50,none,0.2,50,0.9723272060635375
15,75,none,0.2,50,0.9723681236544914
20,75,sqrt,0.33,100,0.9723752090520874
10,0,sqrt,0.1,50,0.9723926854762003
15,100,none,0.2,50,0.9724273172840014
15,0,none,0.1,50,0.9724411676252539
20,100,sqrt,0.33,100,0.9724493366708788
20,50,index,0.33,100,0.9724647540974577
10,0,index,0.1,50,0.9725026905023948
15,50,none,0.1,50,0.9725142046966125
20,75,index,0.33,100,0.9725320278577304
20,100,index,0.33,100,0.9725849307034746
15,75,none,0.1,50,0.9725938337837641
10,50,sqrt,0.1,50,0.9726233860832585
10,50,index,0.1,50,0.9726942281942786
15,100,none,0.1,50,0.9727060574339274
30,100,none,0.0,100,0.9727418531915393
10,75,sqrt,0.1,50,0.9728098953890489
30,75,none,0.0,100,0.9728193639264717
15,0,none,0.33,50,0.972840625115922
15,50,none,0.33,50,0.9728465473471286
15,75,none,0.33,50,0.9728553122010094
10,75,index,0.1,50,0.9728612602883578
15,100,none,0.33,50,0.9728709211876815
30,50,none,0.0,100,0.9728790549433346
30,0,none,0.0,100,0.9729150772927164
10,0,none,0.0,0,0.9729152498877243
30,100,none,0.1,100,0.9729470662116301
10,100,sqrt,0.1,50,0.9730413742254839
30,75,none,0.1,100,0.9730465480572623
10,100,index,0.1,50,0.9730737428600933
30,50,none,0.1,100,0.9731234033910324
10,50,none,0.0,0,0.9731489492427913
30,0,none,0.1,100,0.9731811596928878
15,0,none,0.0,50,0.973212449937382
15,50,none,0.0,50,0.9733352711725418
30,100,none,0.2,100,0.9733984374730318
10,75,none,0.0,0,0.9734307652007829
15,0,sqrt,0.1,100,0.9734530110312759
15,0,sqrt,0.2,100,0.9734563694437501
15,75,none,0.0,50,0.9734707532396977
30,75,none,0.2,100,0.9735118644581509
15,0,index,0.1,100,0.9735644073011736
25,100,none,0.0,100,0.9735723698005719
25,75,none,0.0,100,0.9735970775125946
30,50,none,0.2,100,0.9735999802349056
15,0,index,0.2,100,0.9736073513815517
25,0,none,0.0,100,0.9736167466020229
25,50,none,0.0,100,0.9736170815133056
15,100,none,0.0,50,0.9736599139223557
25,100,none,0.1,100,0.9736600498338334
30,0,none,0.2,100,0.9736740832526817
15,50,sqrt,0.2,100,0.9736788235420948
15,50,sqrt,0.1,100,0.9736810400108105
25,75,none,0.1,100,0.9737156031848305
15,50,index,0.1,100,0.9737528588102229
25,50,none,0.1,100,0.9737586884552987
15,75,sqrt,0.2,100,0.9737825561733214
25,0,none,0.1,100,0.9737839877791005
15,50,index,0.2,100,0.9737877618166763
15,75,sqrt,0.1,100,0.9738008725706461
10,100,none,0.0,0,0.9738214646114153
15,75,index,0.1,100,0.9738532838377747
15,75,index,0.2,100,0.9738711024094612
15,100,sqrt,0.2,100,0.9738803788021448
15,100,sqrt,0.1,100,0.9739237385582981
15,100,index,0.2,100,0.9739495115351468
15,100,index,0.1,100,0.9739575023273418
15,0,sqrt,0.0,100,0.9739657824494141
15,0,index,0.0,100,0.9740307944893052
25,100,none,0.2,100,0.9740470315132059
15,0,sqrt,0.33,100,0.9740647967199397
25,75,none,0.2,100,0.974121471035906
25,50,none,0.2,100,0.9741793034637517
10,0,sqrt,0.0,50,0.9742038181937461
15,50,sqrt,0.0,100,0.9742097458983615
25,0,none,0.2,100,0.9742226679495699
15,50,index,0.0,100,0.9742390770881921
10,0,index,0.0,50,0.9742505648618849
15,0,index,0.33,100,0.9742629433414659
15,50,sqrt,0.33,100,0.9742905294820589
15,75,sqrt,0.0,100,0.9743610033461046
15,75,index,0.0,100,0.9743713154053051
30,100,none,0.33,100,0.974372335350732
15,75,sqrt,0.33,100,0.9743881555802113
15,50,index,0.33,100,0.9744442351142768
10,50,sqrt,0.0,50,0.9744705255449811
15,100,sqrt,0.33,100,0.9744742375962254
10,50,index,0.0,50,0.9744810645578785
30,75,none,0.33,100,0.9744947146918611
15,75,index,0.33,100,0.9745204928379894
15,100,index,0.0,100,0.9745226702325782
15,100,sqrt,0.0,100,0.9745299025547242
15,100,index,0.33,100,0.974586001865364
30,50,none,0.33,100,0.9745906295517287
30,0,none,0.33,100,0.9746795448056714
10,75,index,0.0,50,0.9747065790484373
10,75,sqrt,0.0,50,0.9747142969400191
25,100,none,0.33,100,0.9749794626446803
10,100,index,0.0,50,0.9750024226307222
10,100,sqrt,0.0,50,0.9750281154405378
25,75,none,0.33,100,0.9750655307712285
25,50,none,0.33,100,0.9751326980243026
25,0,none,0.33,100,0.975191251011628
20,100,none,0.1,100,0.9752904300313819
20,75,none,0.1,100,0.9753038118424587
20,0,none,0.1,100,0.9753117981962092
20,50,none,0.1,100,0.9753150843610898
20,0,none,0.0,100,0.9753184273147107
20,50,none,0.0,100,0.9753538160929148
20,75,none,0.0,100,0.9753759996797647
20,100,none,0.0,100,0.9754080673507005
20,100,none,0.2,100,0.9755860001629479
20,75,none,0.2,100,0.9756266705286948
20,50,none,0.2,100,0.9756585919783302
20,0,none,0.2,100,0.9756766915574865
10,0,none,0.2,50,0.9759468078580417
10,50,none,0.2,50,0.9760157736856093
10,0,none,0.33,50,0.9760769121407401
10,75,none,0.2,50,0.9760941683215083
10,50,none,0.33,50,0.9761067863445936
10,75,none,0.33,50,0.9761397153029056
10,100,none,0.33,50,0.9761863424403655
10,100,none,0.2,50,0.976203946430852
20,100,none,0.33,100,0.9764893976644919
20,75,none,0.33,100,0.9765467336210534
20,50,none,0.33,100,0.9765908857943364
20,0,none,0.33,100,0.9766246896045309
10,0,none,0.1,50,0.9767385560397324
10,50,none,0.1,50,0.9768545972071867
10,75,none,0.1,50,0.9769894167443874
10,100,none,0.1,50,0.9771772822579184
10,0,sqrt,0.2,100,0.9782878365303085
10,0,index,0.2,100,0.9784180658918059
15,0,none,0.1,100,0.9784358628231351
15,50,none,0.1,100,0.9784620656541385
15,75,none,0.1,100,0.9784797603076059
10,50,sqrt,0.2,100,0.978493928796753
15,100,none,0.1,100,0.9785057743736467
10,50,index,0.2,100,0.9785817282630878
10,75,sqrt,0.2,100,0.9785959646280407
10,0,none,0.0,50,0.9786010410652768
10,0,sqrt,0.1,100,0.9786395555371994
15,100,none,0.2,100,0.9786548871949737
10,75,index,0.2,100,0.978663723130544
15,75,none,0.2,100,0.9786704492146688
15,50,none,0.2,100,0.9786829543898492
15,0,none,0.2,100,0.9786833542968745
10,100,sqrt,0.2,100,0.9786970662690548
10,0,index,0.1,100,0.9787229685046182
10,100,index,0.2,100,0.978745990158133
10,50,none,0.0,50,0.9787833426748369
15,0,none,0.0,100,0.9787836760806016
10,0,sqrt,0.33,100,0.978806133946677
10,50,sqrt,0.1,100,0.978851890324882
15,50,none,0.0,100,0.9788525223261837
10,50,index,0.1,100,0.9788952933482679
15,75,none,0.0,100,0.9789199515978644
10,75,sqrt,0.1,100,0.9789810060007774
10,0,index,0.33,100,0.9789878165879125
10,75,none,0.0,50,0.9789982810241666
10,75,index,0.1,100,0.9790052924247342
15,100,none,0.0,100,0.9790149796915819
10,50,sqrt,0.33,100,0.9790211335450886
10,75,sqrt,0.33,100,0.9791118021265646
10,100,sqrt,0.1,100,0.979125182337563
10,100,index,0.1,100,0.9791313716100861
10,50,index,0.33,100,0.9791580351978103
10,100,sqrt,0.33,100,0.9791904468458281
10,75,index,0.33,100,0.9792277625918082
10,100,index,0.33,100,0.9792868438440556
10,100,none,0.0,50,0.9792956509301403
15,100,none,0.33,100,0.979571000840279
15,75,none,0.33,100,0.9796117025460447
15,50,none,0.33,100,0.9796422594308932
15,0,none,0.33,100,0.9796603117278581
10,0,sqrt,0.0,100,0.9799524282250931
10,0,index,0.0,100,0.9799767935421977
10,50,index,0.0,100,0.9801749153643228
10,50,sqrt,0.0,100,0.9801873639363025
10,75,index,0.0,100,0.9803354336651964
10,75,sqrt,0.0,100,0.9803658979549194
10,100,index,0.0,100,0.9805362675005788
10,100,sqrt,0.0,100,0.9805838005033354
10,0,none,0.1,100,0.9846681761527699
10,0,none,0.2,100,0.9847026073320344
10,100,none,0.2,100,0.9847052960887714
10,75,none,0.2,100,0.9847068379796536
10,50,none,0.2,100,0.9847086596969756
10,50,none,0.1,100,0.984709705625675
10,75,none,0.1,100,0.9847518569886138
10,100,none,0.1,100,0.9848130515822457
10,0,none,0.0,100,0.9857313216054654
10,100,none,0.33,100,0.9857485461226899
10,75,none,0.33,100,0.9857891910397193
10,50,none,0.33,100,0.9858191576053136
10,50,none,0.0,100,0.9858295154067168
10,0,none,0.33,100,0.9858357183170452
10,75,none,0.0,100,0.9859425420931964
10,100,none,0.0,100,0.9861018882349263
