xg_weight,half_life_days,window_days,ridge,log_loss,ll_1920,ll_2021,ll_2122,ll_2223
0.75,480.0,365,3.0,0.9762024696232856,0.9721972448248075,1.00435362461621,0.9529896009187694,0.9752694081333559
0.75,240.0,365,3.0,0.9762972858698162,0.973658035369155,1.0046022034971256,0.9536576181582673,0.9732712864547169
0.75,240.0,365,1.0,0.9764631959786811,0.9723446672422096,1.005719557545209,0.9542246423000145,0.9735639168272916
0.75,0.0,365,3.0,0.9766670803700654,0.9711288013920316,1.004525371445539,0.9528418498560521,0.9781722987866386
0.75,480.0,365,1.0,0.97677247433882,0.9713951986395771,1.0053864924484348,0.9542244323126196,0.9760837739546478
0.75,120.0,1095,1.0,0.9768084228745515,0.9727398743580331,1.0074119885368233,0.9538587698567844,0.9732230587465653
1.0,480.0,365,3.0,0.9769182628053272,0.9756662032190955,1.0049494215730972,0.9542847580451185,0.9727726683839976
1.0,240.0,365,3.0,0.9769671034628743,0.9775025454488567,1.0048305998321354,0.9545617937984221,0.9709734747720832
0.75,120.0,365,1.0,0.9770872573822807,0.9750168709285016,1.0072950656034017,0.9552452341016946,0.9707918588955252
1.0,240.0,365,1.0,0.9770896315298656,0.9762805857715976,1.0064649682948217,0.955199358320259,0.9704136137327848
0.5,480.0,365,3.0,0.9773247779659728,0.9709713832705471,1.0055296258226134,0.9533115906333046,0.9794865121374268
1.0,120.0,1095,1.0,0.9773721852383548,0.9768750784781681,1.00756356782346,0.9543913633683186,0.9706587312834724
1.0,0.0,365,3.0,0.9774494238956316,0.9742324129178482,1.0055318120396588,0.9546090025140428,0.9754244681109773
0.5,240.0,365,3.0,0.9774532934363319,0.9721105400276063,1.0061005270694432,0.9543721796663043,0.9772299269819739
1.0,480.0,365,1.0,0.9774995596111472,0.9748599722443029,1.0066144031337216,0.9556896318858614,0.9728342311807032
0.75,0.0,365,1.0,0.9775563010424623,0.9706926038547803,1.0054972606875754,0.9546371231037029,0.9793982165237911
1.0,120.0,365,1.0,0.9775780070965697,0.9799262144409605,1.0072515818288146,0.9553949804063623,0.9677392517101414
0.5,0.0,365,3.0,0.9777755421474573,0.9702395405479421,1.0053814154941867,0.9527371353784306,0.9827440771692696
0.75,120.0,1095,3.0,0.9778431519466579,0.9752630041925622,1.0063193102418342,0.9556405165591595,0.9741497767930756
0.75,120.0,365,3.0,0.9779324680105388,0.9776854585069376,1.0059791363887254,0.9562901068697511,0.9717751702767408
0.5,240.0,365,1.0,0.978194377237202,0.9712850883825175,1.0072685993751145,0.9554161006879051,0.9788077205032715
0.5,480.0,365,1.0,0.9783411612965683,0.9706120082057494,1.0064603139820714,0.954851384878565,0.9814409381198869
1.0,0.0,365,1.0,0.978409452128461,0.9737447097234588,1.0072274719508993,0.9566734613958311,0.9759921654436541
0.5,120.0,1095,1.0,0.9785097276282604,0.9715175906508674,1.0093553675778038,0.9554814878177604,0.9776844644666104
1.0,120.0,1095,3.0,0.9785325688845857,0.9792524287254318,1.006095378232629,0.9563313361136482,0.9724511324666343
1.0,120.0,365,3.0,0.9785821320829119,0.9822424768187686,1.00569368085199,0.9566251950474515,0.9697671756134378
0.75,240.0,1095,1.0,0.9787458748266344,0.970034853421784,1.0079266259119513,0.9535429892896458,0.9834790306831566
0.75,240.0,1095,3.0,0.9788139984250981,0.970789210631631,1.0072583587095305,0.9539615223523703,0.9832469020068605
0.5,120.0,1095,3.0,0.9788387313873923,0.9734664384339229,1.0080634694701733,0.9565241378410864,0.9773008798043872
0.5,0.0,365,1.0,0.9790083965962967,0.9702249817211223,1.0061279792508828,0.9547064143005699,0.9849742111126117
0.5,120.0,365,3.0,0.9791804894057609,0.9756114666891152,1.008005770189068,0.9576601516109795,0.9754445691338807
0.5,240.0,1095,3.0,0.979207800487712,0.9697872365680469,1.0080483296374039,0.9531368417429819,0.9858587940024163
0.5,120.0,365,1.0,0.9792236430797997,0.9735022521689665,1.009792047143738,0.9575135121157577,0.9760867608907365
0.5,240.0,1095,1.0,0.9794122146877103,0.96950674045361,1.0084822291029232,0.9528963742134635,0.9867635149808441
1.0,240.0,1095,1.0,0.9797463388679382,0.9724398097652951,1.0090621041653047,0.9559109006612645,0.9815725408798882
1.0,240.0,1095,3.0,0.9797930690345433,0.973381297322965,1.007774220966089,0.9561946206274471,0.9818221372216724
0.75,0.0,365,10.0,0.9802444469904422,0.9763910468541822,1.0074019942925216,0.9577920370284175,0.9793927097866472
0.25,480.0,365,3.0,0.9803112878589912,0.972006985005472,1.0085060109794237,0.9552949080203862,0.9854372474306824
0.25,240.0,365,3.0,0.9804569680983249,0.9728870788723085,1.0093412745173678,0.9567342650356979,0.9828652539679261
0.5,0.0,365,10.0,0.9805318339624549,0.9750201751361891,1.0078415778443222,0.9572665056991903,0.9819990771701186
0.25,0.0,365,3.0,0.9808171532719431,0.9715969954451282,1.0081523466679738,0.9543557887482623,0.9891634822264076
0.25,240.0,1095,3.0,0.9809914047639057,0.9703898625910226,1.0101644007080441,0.9537492646714123,0.9896620910851434
0.75,60.0,1095,1.0,0.9811271441381891,0.9824825101280543,1.011358371104711,0.959030928983046,0.9716367663369447
1.0,0.0,365,10.0,0.9811991133577466,0.9792682122903366,1.008193207300883,0.9593781639493135,0.9779568698904536
0.75,60.0,365,1.0,0.9813800216506177,0.9830571526542052,1.0114169703073141,0.9594062367275383,0.9716397269134127
0.25,120.0,1095,3.0,0.9815384702237102,0.9738690411134703,1.0113526907264723,0.9590120592284551,0.9819200898264433
1.0,60.0,1095,1.0,0.9815839412724106,0.9887412826522082,1.010605182089896,0.9582470208904087,0.9687422794571294
0.25,240.0,1095,1.0,0.9817823970126932,0.9708676214480504,1.0107508434413193,0.9540160419736089,0.9914950811877947
0.75,480.0,365,10.0,0.9818210630281426,0.9795379992729929,1.0085453889556004,0.960697726644048,0.9785031372399295
1.0,60.0,365,1.0,0.9818409351740985,0.9894363906279412,1.0106629000451344,0.9585859419713302,0.9686785080519884
0.5,480.0,365,10.0,0.9819696532593226,0.9778412895400669,1.0090605592046356,0.9603581904755937,0.9806185738169938
0.25,0.0,365,10.0,0.9820736679573041,0.9751670163311592,1.0095240842220983,0.9578166975676348,0.9857868737083239
0.25,480.0,365,1.0,0.9822436990640732,0.9725435247415188,1.009852470696999,0.9576462279375996,0.9889325728801754
0.25,240.0,365,1.0,0.9823205398163665,0.9731222228306359,1.0111430557261403,0.9588354603227419,0.9861814203859476
0.25,120.0,365,3.0,0.9823446388820921,0.9760307876941376,1.0118004944221979,0.9607657107838122,0.9807815626282208
0.25,120.0,1095,1.0,0.9825096594983116,0.9732220512609059,1.0134238112746456,0.9593097976500017,0.9840829778076929
0.5,480.0,1095,3.0,0.9826030223000976,0.9704021013507752,1.0112728618922957,0.9530859472276745,0.9956511787296446
0.75,480.0,1095,3.0,0.9827299565668308,0.9710383949575352,1.0109138181226307,0.9553745600385262,0.9935930531486313
1.0,480.0,365,10.0,0.9827839691428665,0.9826248895306797,1.009111853476528,0.9619904805841537,0.9774086529801039
0.25,0.0,365,1.0,0.9827988284325266,0.9723377031786629,1.0091514048188575,0.9569592941405585,0.9927469115920279
0.5,480.0,1095,1.0,0.9830937509305824,0.9707139893792163,1.0115576888083375,0.9533914212967327,0.9967119042380433
0.75,480.0,1095,1.0,0.9831059292689193,0.9709709523579658,1.0114900828147178,0.9557411689925286,0.9942215129104655
0.25,480.0,365,10.0,0.9832395983906846,0.9775405169546664,1.01067038787544,0.9609862503615566,0.9837612383710752
0.25,480.0,1095,3.0,0.9837690547202258,0.9710434900240366,1.0129573007887025,0.9522399406247585,0.9988354874434056
0.5,240.0,1095,10.0,0.9838570952956227,0.9761747348918345,1.0109931194151784,0.9612992220374023,0.986961304838076
0.5,60.0,1095,1.0,0.9840223118783268,0.9807831845559936,1.0150268874668518,0.9629367118240058,0.977342463666456
0.25,120.0,365,1.0,0.9840261746571268,0.9754206118399178,1.01476010967276,0.962265776266746,0.9836582008490831
1.0,480.0,1095,3.0,0.9841266462081305,0.9729618885316598,1.0118512744336576,0.9590666466928228,0.9926267751743814
0.0,240.0,1095,3.0,0.9841931933916962,0.9725893437039608,1.0136522005305526,0.9558466573679028,0.9946845719643684
0.75,240.0,1095,10.0,0.9842053973793787,0.9777644344454159,1.0106887945051515,0.9624841795495555,0.9858841810173915
0.75,240.0,365,10.0,0.98421823074757,0.9834163314558978,1.0102189802176609,0.9643839725569536,0.9788536387597679
0.5,240.0,365,10.0,0.9842608928676824,0.9814470744899232,1.0107916052918025,0.9642018690772559,0.9806030226117478
0.5,60.0,365,1.0,0.984340493011956,0.9813284686737448,1.0151567584249748,0.9634067668905456,0.9774699780585591
0.25,240.0,1095,10.0,0.9843856625248272,0.9756181482380429,1.0121567176811266,0.9609794804048483,0.9887883037752911
0.5,480.0,1095,10.0,0.9844921861244513,0.9733467344928933,1.0122394138533821,0.9576155413340605,0.9947670548174693
0.75,60.0,1095,3.0,0.9845107056775083,0.9884080409751624,1.0100313977993283,0.9643083983184509,0.975294985617092
0.25,480.0,1095,1.0,0.9845816995510205,0.9719016825330635,1.01326397577722,0.9526986825704233,1.000462457323375
1.0,480.0,1095,1.0,0.9845981659147556,0.972675409436623,1.0130488965048379,0.959698532574331,0.9929698251432304
0.75,60.0,365,3.0,0.9847112834995612,0.9889383886067584,1.010041708337668,0.9645637700779699,0.9753012669758485
0.25,480.0,1095,10.0,0.9848449715368413,0.9731222057814916,1.0133034943455743,0.9563975754075099,0.9965566106127891
0.0,0.0,365,10.0,0.9848821759713092,0.9768418501862376,1.0124680303764355,0.95946186923482,0.9907569540877438
0.75,480.0,1095,10.0,0.9850699451871704,0.9745324025654165,1.012138214297013,0.959836800989718,0.9937723628965345
1.0,240.0,365,10.0,0.9851965855746935,0.986683347352086,1.0106317523355197,0.9654541275961244,0.9780171150150438
0.0,480.0,365,3.0,0.9852024644766578,0.9753349620290779,1.0133246323670362,0.9589834316875353,0.9931668318229823
1.0,60.0,1095,3.0,0.9852615695375795,0.9936818638775742,1.0094558926597477,0.964145260914108,0.9737632606988887
0.25,240.0,365,10.0,0.9853324339259398,0.9807810780338984,1.0123612363251568,0.964909336347154,0.9832780849975501
0.0,240.0,365,3.0,0.9853482234521781,0.9760145678747063,1.014382549232538,0.9607945690364387,0.9902012076650288
1.0,240.0,1095,10.0,0.9854266928776775,0.980381503939281,1.0112452416801208,0.9645298831752684,0.98555014271604
1.0,60.0,365,3.0,0.9854660253730344,0.9942864915456842,1.0094836519060364,0.9643665983466082,0.9737273596938085
0.0,480.0,365,10.0,0.9856389503588853,0.9786450046868819,1.013385680007534,0.9625870383892728,0.9879380783518522
0.0,240.0,1095,10.0,0.9857947519824163,0.9760820086855057,1.0141936506894804,0.9615398204019783,0.9913635281527002
0.0,0.0,365,3.0,0.9858292197774756,0.9752306024185625,1.0128879390843206,0.9577356441957785,0.9974626934112405
0.5,60.0,1095,3.0,0.985877210198109,0.9858868330219532,1.0124619737505924,0.9664691012817798,0.9786909327381105
0.0,240.0,1095,1.0,0.9858832680747543,0.9741251073403818,1.0147653058606534,0.9569802560304123,0.9976624030675704
0.0,120.0,1095,3.0,0.9859643202389413,0.9764849993778282,1.0162247178479629,0.9631296947120195,0.9880178690179549
0.5,60.0,365,3.0,0.9861059615021879,0.9863807577516809,1.01248691584861,0.9667829807380658,0.9787731916703946
0.0,480.0,1095,10.0,0.9861333790658041,0.9738489571065052,1.015344329223525,0.9561917588694638,0.9991484710637225
0.0,480.0,1095,3.0,0.9862498935525505,0.9729712724540883,1.0159970595401489,0.9528790833828573,1.0031521588331076
1.0,480.0,1095,10.0,0.9865717905775542,0.9766726120933317,1.012997701813723,0.9630437700264245,0.9935730783767374
0.0,240.0,365,10.0,0.9874392912566756,0.981424809779169,1.0149371830664393,0.9665190059349703,0.9868761662461241
0.0,120.0,365,3.0,0.9874543546326017,0.9789657249987622,1.0174025014509576,0.9656451237576588,0.9878040683230279
0.0,480.0,1095,1.0,0.987596816729882,0.9745340259557514,1.0166221522969137,0.9537297035206881,1.0055013851461747
0.0,480.0,365,1.0,0.9885440422322901,0.9772540093237237,1.0155960793432632,0.9626975415049462,0.998628538757227
0.0,120.0,1095,1.0,0.9888677375352383,0.9778935871094264,1.019673848456312,0.9654314040706753,0.99247211050454
0.0,240.0,365,1.0,0.9889099812256643,0.9779275569500726,1.017385356902109,0.9645605957583957,0.9957664152920801
0.0,0.0,365,1.0,0.9889946384614003,0.9771069112349438,1.014622106810712,0.9614679143541164,1.0027816214458294
0.5,0.0,1095,10.0,0.9892588773544958,0.9745396204372417,1.017980555914848,0.9566190773512125,1.0078962557146809
0.5,0.0,1095,3.0,0.9893279670322553,0.9737027160371892,1.0185635293230524,0.9552848559232133,1.0097607668455668
0.25,60.0,1095,3.0,0.9893654770130387,0.9861030395257591,1.0167750501333226,0.970630719115767,0.9839530992773059
0.25,0.0,1095,10.0,0.9894009130772079,0.9747154283878124,1.0191912716670368,0.9541565557158549,1.0095403965381273
0.5,120.0,1095,10.0,0.9894014494188257,0.9871959001290427,1.0145421646506505,0.9716137461542409,0.9842539867413687
0.75,120.0,1095,10.0,0.98958047902921,0.9893540286086336,1.0139642162735083,0.9718036454568418,0.9832000257778561
0.25,60.0,365,3.0,0.9896541600600386,0.9865992621509027,1.016849608016028,0.9710317355124312,0.9841360345607927
0.25,0.0,1095,3.0,0.9899042445491684,0.9744420041338724,1.0201445662466906,0.9527357920795892,1.012294615736521
0.25,120.0,1095,10.0,0.9900826986844597,0.9861199128108393,1.0159358427669638,0.9722198753412802,0.9860551638187555
0.75,0.0,1095,3.0,0.9900922043334031,0.9741302018080067,1.0184392883216764,0.9593510832353395,1.0084482439685896
0.5,0.0,1095,1.0,0.9901109678620532,0.9743264608554513,1.01892354502435,0.9561629529048863,1.0110309126635253
0.75,0.0,1095,10.0,0.990212204319409,0.9753230673894928,1.0179608334636545,0.960315059556572,1.0072498568679171
0.25,60.0,1095,1.0,0.9903052587665887,0.9836243293262474,1.0216610171248295,0.9700308206236876,0.9859048679915909
1.0,120.0,1095,10.0,0.9906155959213103,0.9925917681461238,1.0141919775841828,0.9727818958979839,0.9828967420569513
0.0,0.0,1095,10.0,0.9906441865401339,0.9758479064670689,1.0215894185732093,0.9529455296477322,1.0121938914725248
0.5,120.0,365,10.0,0.9906466351761899,0.9903232620629047,1.015135875448359,0.9733589551385863,0.9837684480549094
0.75,120.0,365,10.0,0.9907227241877344,0.9926393840224634,1.0145268555736286,0.9732822587015607,0.9824423984532846
0.25,60.0,365,1.0,0.9907523392034047,0.9842201170756895,1.021913997772342,0.9706560380375964,0.9862192039279905
0.25,0.0,1095,1.0,0.9908526136391324,0.975432603186854,1.020451371973785,0.9535659751748709,1.0139605042210196
0.75,0.0,1095,1.0,0.9908690381326963,0.9744368642547118,1.0191584807511302,0.9604379722968119,1.009442835228131
0.25,120.0,365,10.0,0.9914959872903313,0.9891772321966004,1.0166288130211631,0.974265560686164,0.9859123432573972
0.0,120.0,365,1.0,0.9915702887199259,0.9808131313627466,1.0222840480667392,0.96960308344997,0.9935808920002477
0.0,120.0,1095,10.0,0.9916257663818903,0.9861266307798167,1.0181530375653103,0.9736220802810133,0.9886013169014212
1.0,120.0,365,10.0,0.9917191411971615,0.99611714448182,1.0147938253287487,0.9740318159347248,0.9819337790433532
0.0,0.0,1095,3.0,0.9918452596995601,0.9763219838547784,1.0232024344797532,0.9517653567049489,1.01609126375876
1.0,0.0,1095,3.0,0.992175080187018,0.9756856784565114,1.0197572881076713,0.9649238824744097,1.00833347170948
1.0,0.0,1095,10.0,0.9922596400580718,0.9770815270522943,1.0191208793047115,0.9652380815161107,1.0075980723591706
1.0,0.0,1095,1.0,0.9930977704152467,0.9758185719675216,1.021113206305402,0.9663161332595557,1.0091431701285083
0.0,0.0,1095,1.0,0.993110509496375,0.9778302843288743,1.0237184133990311,0.95263996608403,1.0182533741735649
0.0,120.0,365,10.0,0.9932721433742763,0.9891989648581795,1.019014834622451,0.9760019720235411,0.9888728019929334
0.0,60.0,1095,3.0,0.994989518654356,0.9890336799558055,1.0230145026448982,0.9768101990258214,0.9910996929908992
0.0,60.0,365,3.0,0.9953684683627151,0.9895722690017447,1.023165917307353,0.9773247523900559,0.9914109347517063
0.0,60.0,1095,1.0,1.0000531827577397,0.9910087676309075,1.0313567184160137,0.9804089995833701,0.9974382454006675
0.0,60.0,365,1.0,1.0007009384520154,0.9917478540904997,1.031803372921324,0.981251913669725,0.998000613126513
0.5,60.0,1095,10.0,1.0050109613869693,1.0084251748862447,1.0240445663134936,0.9922075088178162,0.9953665955303231
0.75,60.0,1095,10.0,1.005042714589028,1.0107254144167257,1.0235314564978755,0.9916321036057555,0.9942818838357553
0.5,60.0,365,10.0,1.005310189427642,1.0089195746559363,1.0241609958832327,0.992558677490867,0.9956015096805323
0.75,60.0,365,10.0,1.0053300712000615,1.0112366977647067,1.0236580443957857,0.9919562604542594,0.9944692821854944
0.25,60.0,1095,10.0,1.0058437033366479,1.0071180537738176,1.025344228259918,0.993634896179098,0.997277635133758
1.0,60.0,1095,10.0,1.0059378435139954,1.0140184420075498,1.023794704561191,0.9919109960997707,0.9940272313874702
0.25,60.0,365,10.0,1.0061641956683678,1.007605707252044,1.0254598000359825,0.9940213429750133,0.9975699324104321
1.0,60.0,365,10.0,1.0062225890547065,1.0145567327160543,1.0239407125348876,0.9922158854193471,0.9941770255485367
0.0,60.0,1095,10.0,1.007543175057672,1.0068035142974243,1.0274393529061374,0.9959141951922557,1.00001563783487
0.0,60.0,365,10.0,1.0078945804637673,1.0072948028798163,1.027563275890337,0.996344181794944,1.0003760612899717
