season,1XBA,1XBCA,1XBCD,1XBCH,1XBD,1XBH,AHCh,AHh,Avg<2.5,Avg>2.5,AvgA,AvgAHA,AvgAHH,AvgC<2.5,AvgC>2.5,AvgCA,AvgCAHA,AvgCAHH,AvgCD,AvgCH,AvgD,AvgH,AxG,B365<2.5,B365>2.5,B365A,B365AHA,B365AHH,B365C<2.5,B365C>2.5,B365CA,B365CAHA,B365CAHH,B365CD,B365CH,B365D,B365H,BFA,BFCA,BFCD,BFCH,BFD,BFDA,BFDCA,BFDCD,BFDCH,BFDD,BFDH,BFE<2.5,BFE>2.5,BFEA,BFEAHA,BFEAHH,BFEC<2.5,BFEC>2.5,BFECA,BFECAHA,BFECAHH,BFECD,BFECH,BFED,BFEH,BFH,BMGMA,BMGMCA,BMGMCD,BMGMCH,BMGMD,BMGMH,BVA,BVCA,BVCD,BVCH,BVD,BVH,BWA,BWCA,BWCD,BWCH,BWD,BWH,Bb1X2,BbAH,BbAHh,BbAv<2.5,BbAv>2.5,BbAvA,BbAvAHA,BbAvAHH,BbAvD,BbAvH,BbMx<2.5,BbMx>2.5,BbMxA,BbMxAHA,BbMxAHH,BbMxD,BbMxH,BbOU,CLA,CLCA,CLCD,CLCH,CLD,CLH,HxG,IWA,IWCA,IWCD,IWCH,IWD,IWH,LBA,LBCA,LBCD,LBCH,LBD,LBH,Max<2.5,Max>2.5,MaxA,MaxAHA,MaxAHH,MaxC<2.5,MaxC>2.5,MaxCA,MaxCAHA,MaxCAHH,MaxCD,MaxCH,MaxD,MaxH,P<2.5,P>2.5,PAHA,PAHH,PC<2.5,PC>2.5,PCAHA,PCAHH,PPA,PPCA,PPCD,PPCH,PPD,PPH,PSA,PSCA,PSCD,PSCH,PSD,PSH,SJA,SJD,SJH,SKBA,SKBCA,SKBCD,SKBCH,SKBD,SKBH,VCA,VCCA,VCCD,VCCH,VCD,VCH,WHA,WHCA,WHCD,WHCH,WHD,WHH
1415,,,,,,,,,,,,,,,,,,,,,,,,,,99.7,,,,,,,,,,99.7,99.7,,,,,,,,,,,,,,,,,,,,,,,,,,,,,,,,,,,,,,,99.7,,,,99.7,99.7,99.7,99.7,99.7,99.7,99.7,99.7,99.7,99.7,99.7,99.7,99.7,99.7,99.7,99.7,99.7,99.7,99.7,99.7,,,,,,,,99.5,,,,99.5,99.5,99.7,,,,99.7,99.7,,,,,,,,,,,,,,,,,,,,,,,,,,,,,99.7,99.7,99.7,99.7,99.7,99.7,10.5,10.5,10.5,,,,,,,99.7,,,,99.7,99.7,99.7,,,,99.7,99.7
1516,,,,,,,,,,,,,,,,,,,,,,,,,,100.0,,,,,,,,,,100.0,100.0,,,,,,,,,,,,,,,,,,,,,,,,,,,,,,,,,,,,,,,99.7,,,,99.7,99.7,100.0,100.0,100.0,100.0,100.0,100.0,100.0,100.0,100.0,100.0,100.0,100.0,100.0,100.0,100.0,100.0,100.0,100.0,,,,,,,,100.0,,,,100.0,100.0,100.0,,,,100.0,100.0,,,,,,,,,,,,,,,,,,,,,,,,,,,,,100.0,100.0,100.0,100.0,100.0,100.0,,,,,,,,,,100.0,,,,100.0,100.0,100.0,,,,100.0,100.0
1617,,,,,,,,,,,,,,,,,,,,,,,,,,100.0,,,,,,,,,,100.0,100.0,,,,,,,,,,,,,,,,,,,,,,,,,,,,,,,,,,,,,,,100.0,,,,100.0,100.0,100.0,100.0,100.0,100.0,100.0,100.0,100.0,100.0,100.0,100.0,100.0,100.0,100.0,100.0,100.0,100.0,100.0,100.0,,,,,,,,100.0,,,,100.0,100.0,100.0,,,,100.0,100.0,,,,,,,,,,,,,,,,,,,,,,,,,,,,,100.0,100.0,100.0,100.0,100.0,100.0,,,,,,,,,,100.0,,,,100.0,100.0,100.0,,,,100.0,100.0
1718,,,,,,,,,,,,,,,,,,,,,,,,,,100.0,,,,,,,,,,100.0,100.0,,,,,,,,,,,,,,,,,,,,,,,,,,,,,,,,,,,,,,,100.0,,,,100.0,100.0,100.0,100.0,100.0,100.0,100.0,100.0,100.0,100.0,100.0,100.0,100.0,100.0,100.0,100.0,100.0,100.0,100.0,100.0,,,,,,,,100.0,,,,100.0,100.0,100.0,,,,100.0,100.0,,,,,,,,,,,,,,,,,,,,,,,,,,,,,100.0,100.0,100.0,100.0,100.0,100.0,,,,,,,,,,100.0,,,,100.0,100.0,100.0,,,,100.0,100.0
1819,,,,,,,,,,,,,,,,,,,,,,,,,,100.0,,,,,,,,,,100.0,100.0,,,,,,,,,,,,,,,,,,,,,,,,,,,,,,,,,,,,,,,100.0,,,,100.0,100.0,100.0,100.0,100.0,100.0,100.0,100.0,100.0,100.0,100.0,100.0,100.0,100.0,100.0,100.0,100.0,100.0,100.0,100.0,,,,,,,,100.0,,,,100.0,100.0,,,,,,,,,,,,,,,,,,,,,,,,,,,,,,,,,,,100.0,100.0,100.0,100.0,100.0,100.0,,,,,,,,,,100.0,,,,100.0,100.0,100.0,,,,100.0,100.0
1920,,,,,,,100.0,100.0,100.0,100.0,100.0,100.0,100.0,100.0,100.0,100.0,100.0,100.0,100.0,100.0,100.0,100.0,,100.0,100.0,100.0,100.0,100.0,100.0,100.0,100.0,100.0,100.0,100.0,100.0,100.0,100.0,,,,,,,,,,,,,,,,,,,,,,,,,,,,,,,,,,,,,,,100.0,100.0,100.0,100.0,100.0,100.0,,,,,,,,,,,,,,,,,,,,,,,,,,100.0,100.0,100.0,100.0,100.0,100.0,,,,,,,100.0,100.0,100.0,100.0,100.0,100.0,100.0,100.0,100.0,100.0,100.0,100.0,100.0,100.0,100.0,100.0,100.0,100.0,100.0,100.0,100.0,100.0,,,,,,,100.0,100.0,100.0,100.0,100.0,100.0,,,,,,,,,,100.0,100.0,100.0,100.0,100.0,100.0,100.0,100.0,100.0,100.0,100.0,100.0
2021,,,,,,,100.0,100.0,100.0,100.0,100.0,100.0,100.0,100.0,100.0,100.0,100.0,100.0,100.0,100.0,100.0,100.0,,100.0,100.0,100.0,100.0,100.0,100.0,100.0,100.0,100.0,100.0,100.0,100.0,100.0,100.0,,,,,,,,,,,,,,,,,,,,,,,,,,,,,,,,,,,,,,,100.0,100.0,100.0,100.0,100.0,100.0,,,,,,,,,,,,,,,,,,,,,,,,,,100.0,100.0,100.0,100.0,100.0,100.0,,,,,,,100.0,100.0,100.0,100.0,100.0,100.0,100.0,100.0,100.0,100.0,100.0,100.0,100.0,100.0,100.0,100.0,100.0,100.0,100.0,100.0,100.0,100.0,,,,,,,100.0,100.0,100.0,100.0,100.0,100.0,,,,,,,,,,100.0,100.0,100.0,100.0,100.0,100.0,100.0,100.0,100.0,100.0,100.0,100.0
2122,,,,,,,100.0,100.0,100.0,100.0,100.0,100.0,100.0,100.0,100.0,100.0,100.0,100.0,100.0,100.0,100.0,100.0,,99.7,99.7,100.0,100.0,100.0,100.0,100.0,100.0,99.7,99.7,100.0,100.0,100.0,100.0,,,,,,,,,,,,,,,,,,,,,,,,,,,,,,,,,,,,,,,100.0,100.0,100.0,100.0,100.0,100.0,,,,,,,,,,,,,,,,,,,,,,,,,,100.0,99.2,99.2,99.2,100.0,100.0,,,,,,,100.0,100.0,100.0,100.0,100.0,100.0,100.0,100.0,100.0,100.0,100.0,100.0,100.0,100.0,100.0,100.0,100.0,100.0,100.0,100.0,100.0,100.0,,,,,,,100.0,100.0,100.0,100.0,100.0,100.0,,,,,,,,,,100.0,100.0,100.0,100.0,100.0,100.0,100.0,100.0,100.0,100.0,100.0,100.0
2223,,,,,,,100.0,100.0,100.0,100.0,100.0,100.0,100.0,100.0,100.0,100.0,100.0,100.0,100.0,100.0,100.0,100.0,,100.0,100.0,100.0,100.0,100.0,100.0,100.0,100.0,100.0,100.0,100.0,100.0,100.0,100.0,,,,,,,,,,,,,,,,,,,,,,,,,,,,,,,,,,,,,,,100.0,100.0,100.0,100.0,100.0,100.0,,,,,,,,,,,,,,,,,,,,,,,,,,100.0,100.0,100.0,100.0,100.0,100.0,,,,,,,100.0,100.0,100.0,100.0,100.0,100.0,100.0,100.0,100.0,100.0,100.0,100.0,100.0,100.0,99.7,99.7,100.0,100.0,99.7,99.7,100.0,100.0,,,,,,,100.0,100.0,100.0,100.0,100.0,100.0,,,,,,,,,,100.0,100.0,100.0,100.0,100.0,100.0,100.0,100.0,100.0,100.0,100.0,100.0
2324,,,,,,,100.0,100.0,100.0,100.0,100.0,100.0,100.0,100.0,100.0,100.0,100.0,100.0,100.0,100.0,100.0,100.0,,100.0,100.0,100.0,100.0,100.0,100.0,100.0,100.0,100.0,100.0,100.0,100.0,100.0,100.0,,,,,,,,,,,,,,,,,,,,,,,,,,,,,,,,,,,,,,,99.5,96.8,96.8,96.8,99.5,99.5,,,,,,,,,,,,,,,,,,,,,,,,,,52.1,52.1,52.1,52.1,52.1,52.1,,,,,,,100.0,100.0,100.0,100.0,100.0,100.0,100.0,100.0,99.7,99.7,100.0,100.0,100.0,100.0,97.9,97.9,100.0,100.0,98.2,98.2,100.0,100.0,,,,,,,100.0,100.0,100.0,100.0,100.0,100.0,,,,,,,,,,100.0,100.0,100.0,100.0,100.0,100.0,100.0,100.0,100.0,100.0,100.0,100.0
2425,97.6,100.0,100.0,100.0,97.6,97.6,100.0,100.0,100.0,100.0,100.0,100.0,100.0,100.0,100.0,100.0,100.0,100.0,100.0,100.0,100.0,100.0,,100.0,100.0,100.0,100.0,100.0,100.0,100.0,100.0,100.0,100.0,100.0,100.0,100.0,100.0,99.7,100.0,100.0,100.0,99.7,,,,,,,99.2,99.2,100.0,100.0,100.0,100.0,100.0,100.0,100.0,100.0,100.0,100.0,100.0,100.0,99.7,,,,,,,,,,,,,62.9,62.9,62.9,62.9,62.9,62.9,,,,,,,,,,,,,,,,,,,,,,,,,,,,,,,,,,,,,,100.0,100.0,100.0,100.0,100.0,100.0,100.0,100.0,100.0,100.0,100.0,100.0,100.0,100.0,99.2,99.2,100.0,100.0,99.2,99.2,100.0,100.0,,,,,,,100.0,100.0,100.0,100.0,100.0,100.0,,,,,,,,,,,,,,,,76.1,76.1,76.1,76.1,76.1,76.1
2526,,,,,,,100.0,99.7,100.0,100.0,100.0,100.0,100.0,100.0,100.0,100.0,100.0,100.0,100.0,100.0,100.0,100.0,,100.0,100.0,100.0,100.0,100.0,100.0,100.0,100.0,100.0,100.0,100.0,100.0,100.0,100.0,,,,,,99.7,97.9,97.9,97.9,99.7,99.7,94.7,94.7,94.7,94.7,94.7,94.2,94.2,94.2,94.2,94.2,94.2,94.2,94.7,94.7,,99.5,100.0,100.0,100.0,99.5,99.5,99.5,97.9,97.9,97.9,99.5,99.5,100.0,100.0,100.0,100.0,100.0,100.0,,,,,,,,,,,,,,,,,,,74.2,68.4,68.4,68.4,74.2,74.2,,,,,,,,75.3,73.9,73.9,73.9,75.3,75.3,100.0,100.0,100.0,100.0,100.0,100.0,100.0,100.0,100.0,100.0,100.0,100.0,100.0,100.0,55.3,55.3,55.3,55.3,55.3,55.3,55.3,55.3,,,,,,,55.3,55.3,55.3,55.3,55.3,55.3,,,,,,,,,,,,,,,,,,,,,
2627,,,,,,,100.0,100.0,100.0,100.0,100.0,100.0,100.0,100.0,100.0,100.0,100.0,100.0,100.0,100.0,100.0,100.0,100.0,100.0,100.0,100.0,100.0,100.0,100.0,100.0,100.0,100.0,100.0,100.0,100.0,100.0,100.0,,,,,,100.0,94.0,94.0,94.0,100.0,100.0,100.0,100.0,100.0,100.0,100.0,100.0,100.0,100.0,100.0,100.0,100.0,100.0,100.0,100.0,,,,,,,,100.0,94.0,94.0,94.0,100.0,100.0,100.0,92.0,92.0,92.0,100.0,100.0,,,,,,,,,,,,,,,,,,,,,,,,,100.0,,,,,,,,,,,,,100.0,100.0,100.0,100.0,100.0,100.0,100.0,100.0,100.0,100.0,100.0,100.0,100.0,100.0,,,,,,,,,100.0,100.0,100.0,100.0,100.0,100.0,,,,,,,,,,100.0,100.0,100.0,100.0,100.0,100.0,,,,,,,,,,,,
